postgresql,gea,gea,AlembicVersion,version_num,1,character varying,32,PRIMARY KEY,,,
postgresql,gea,gea,AuditEvent,Id,1,bigint,,PRIMARY KEY,,,
postgresql,gea,gea,AuditEvent,AggregateType,2,text,,,,,
postgresql,gea,gea,AuditEvent,AggregateId,3,uuid,,,,,
postgresql,gea,gea,AuditEvent,EventType,4,text,,,,,
postgresql,gea,gea,AuditEvent,Payload,5,jsonb,,,,,
postgresql,gea,gea,AuditEvent,ActorId,6,uuid,,FOREIGN KEY,gea,User,Id
postgresql,gea,gea,AuditEvent,RequestId,7,text,,,,,
postgresql,gea,gea,AuditEvent,OccurredAt,8,timestamp with time zone,,,,,
postgresql,gea,gea,Benefit,Id,1,text,,PRIMARY KEY,,,
postgresql,gea,gea,Benefit,Name,2,text,,UNIQUE,,,
postgresql,gea,gea,Benefit,SortOrder,3,smallint,,,,,
postgresql,gea,gea,Benefit,IsActive,4,boolean,,,,,
postgresql,gea,gea,BusinessPurpose,Id,1,text,,PRIMARY KEY,,,
postgresql,gea,gea,BusinessPurpose,Name,2,text,,UNIQUE,,,
postgresql,gea,gea,BusinessPurpose,SortOrder,3,smallint,,,,,
postgresql,gea,gea,BusinessPurpose,IsActive,4,boolean,,,,,
postgresql,gea,gea,CommandReceipt,IdempotencyKey,1,text,,PRIMARY KEY,,,
postgresql,gea,gea,CommandReceipt,Operation,2,text,,,,,
postgresql,gea,gea,CommandReceipt,RequestHash,3,character,64,,,,
postgresql,gea,gea,CommandReceipt,ResponseStatus,4,smallint,,,,,
postgresql,gea,gea,CommandReceipt,ResponseHeaders,5,jsonb,,,,,
postgresql,gea,gea,CommandReceipt,ResponseBody,6,jsonb,,,,,
postgresql,gea,gea,CommandReceipt,CreatedBy,7,uuid,,PRIMARY KEY,,,
postgresql,gea,gea,CommandReceipt,CreatedBy,7,uuid,,FOREIGN KEY,gea,User,Id
postgresql,gea,gea,CommandReceipt,CreatedAt,8,timestamp with time zone,,,,,
postgresql,gea,gea,ContractDelivery,ContractId,1,uuid,,PRIMARY KEY,,,
postgresql,gea,gea,ContractDelivery,ContractId,1,uuid,,FOREIGN KEY,gea,DataContract,Id
postgresql,gea,gea,ContractDelivery,Target,2,text,,PRIMARY KEY,,,
postgresql,gea,gea,ContractDelivery,Status,3,text,,,,,
postgresql,gea,gea,ContractDelivery,Attempts,4,integer,,,,,
postgresql,gea,gea,ContractDelivery,NextAttemptAt,5,timestamp with time zone,,,,,
postgresql,gea,gea,ContractDelivery,LockedBy,6,text,,,,,
postgresql,gea,gea,ContractDelivery,LockedUntil,7,timestamp with time zone,,,,,
postgresql,gea,gea,ContractDelivery,LastError,8,text,,,,,
postgresql,gea,gea,ContractDelivery,DeliveredAt,9,timestamp with time zone,,,,,
postgresql,gea,gea,ContractDelivery,ExternalRef,10,text,,,,,
postgresql,gea,gea,ContractDelivery,CreatedAt,11,timestamp with time zone,,,,,
postgresql,gea,gea,ContractDelivery,UpdatedAt,12,timestamp with time zone,,,,,
postgresql,gea,gea,DataContract,Id,1,uuid,,PRIMARY KEY,,,
postgresql,gea,gea,DataContract,RunId,2,uuid,,FOREIGN KEY,gea,Run,Id
postgresql,gea,gea,DataContract,RunId,2,uuid,,UNIQUE,,,
postgresql,gea,gea,DataContract,ProjectId,3,uuid,,FOREIGN KEY,gea,Run,ProjectId
postgresql,gea,gea,DataContract,Version,4,integer,,UNIQUE,,,
postgresql,gea,gea,DataContract,SpecVersion,5,text,,,,,
postgresql,gea,gea,DataContract,DocumentCanonical,6,text,,,,,
postgresql,gea,gea,DataContract,Document,7,jsonb,,,,,
postgresql,gea,gea,DataContract,ContentHash,8,character,64,,,,
postgresql,gea,gea,DataContract,CreatedBy,9,uuid,,FOREIGN KEY,gea,User,Id
postgresql,gea,gea,DataContract,CreatedAt,10,timestamp with time zone,,,,,
postgresql,gea,gea,Job,Id,1,uuid,,PRIMARY KEY,,,
postgresql,gea,gea,Job,Name,2,text,,,,,
postgresql,gea,gea,Job,Kind,3,text,,,,,
postgresql,gea,gea,Job,Note,4,text,,,,,
postgresql,gea,gea,Job,ProjectId,5,uuid,,FOREIGN KEY,gea,Project,Id
postgresql,gea,gea,Job,MaxParallel,6,smallint,,,,,
postgresql,gea,gea,Job,SubmittedBy,7,uuid,,FOREIGN KEY,gea,User,Id
postgresql,gea,gea,Job,SubmittedAt,8,timestamp with time zone,,,,,
postgresql,gea,gea,ParameterOption,Id,1,integer,,PRIMARY KEY,,,
postgresql,gea,gea,ParameterOption,Parameter,2,text,,,,,
postgresql,gea,gea,ParameterOption,Value,3,text,,,,,
postgresql,gea,gea,ParameterOption,Label,4,text,,,,,
postgresql,gea,gea,ParameterOption,SortOrder,5,smallint,,,,,
postgresql,gea,gea,ParameterOption,IsDefault,6,boolean,,,,,
postgresql,gea,gea,ParameterOption,RegionId,7,text,,FOREIGN KEY,gea,Region,Id
postgresql,gea,gea,ParameterOption,BusinessPurposeId,8,text,,FOREIGN KEY,gea,BusinessPurpose,Id
postgresql,gea,gea,ParameterOption,BenefitId,9,text,,FOREIGN KEY,gea,Benefit,Id
postgresql,gea,gea,ParameterOption,Investigation,10,text,,,,,
postgresql,gea,gea,ParameterOption,IsActive,11,boolean,,,,,
postgresql,gea,gea,Project,Id,1,uuid,,PRIMARY KEY,,,
postgresql,gea,gea,Project,Name,2,text,,,,,
postgresql,gea,gea,Project,BusinessPurposeId,3,text,,FOREIGN KEY,gea,BusinessPurpose,Id
postgresql,gea,gea,Project,RegionId,4,text,,FOREIGN KEY,gea,Region,Id
postgresql,gea,gea,Project,Period,5,text,,,,,
postgresql,gea,gea,Project,PeriodFrom,6,date,,,,,
postgresql,gea,gea,Project,PeriodTo,7,date,,,,,
postgresql,gea,gea,Project,OwnerId,8,uuid,,FOREIGN KEY,gea,User,Id
postgresql,gea,gea,Project,State,9,text,,,,,
postgresql,gea,gea,Project,Description,10,text,,,,,
postgresql,gea,gea,Project,ParentProjectId,11,uuid,,FOREIGN KEY,gea,Project,Id
postgresql,gea,gea,Project,Locked,12,boolean,,,,,
postgresql,gea,gea,Project,SignedOffAt,13,timestamp with time zone,,,,,
postgresql,gea,gea,Project,SignedOffBy,14,uuid,,FOREIGN KEY,gea,User,Id
postgresql,gea,gea,Project,Revision,15,integer,,,,,
postgresql,gea,gea,Project,CreatedBy,16,uuid,,FOREIGN KEY,gea,User,Id
postgresql,gea,gea,Project,CreatedAt,17,timestamp with time zone,,,,,
postgresql,gea,gea,Project,UpdatedBy,18,uuid,,FOREIGN KEY,gea,User,Id
postgresql,gea,gea,Project,UpdatedAt,19,timestamp with time zone,,,,,
postgresql,gea,gea,ProjectBenefit,ProjectId,1,uuid,,PRIMARY KEY,,,
postgresql,gea,gea,ProjectBenefit,ProjectId,1,uuid,,FOREIGN KEY,gea,Project,Id
postgresql,gea,gea,ProjectBenefit,BenefitId,2,text,,PRIMARY KEY,,,
postgresql,gea,gea,ProjectBenefit,BenefitId,2,text,,FOREIGN KEY,gea,Benefit,Id
postgresql,gea,gea,Region,Id,1,text,,PRIMARY KEY,,,
postgresql,gea,gea,Region,Name,2,text,,UNIQUE,,,
postgresql,gea,gea,Region,SortOrder,3,smallint,,,,,
postgresql,gea,gea,Region,IsActive,4,boolean,,,,,
postgresql,gea,gea,Role,Id,1,text,,PRIMARY KEY,,,
postgresql,gea,gea,Role,Name,2,text,,UNIQUE,,,
postgresql,gea,gea,Role,SortOrder,3,smallint,,,,,
postgresql,gea,gea,Role,IsActive,4,boolean,,,,,
postgresql,gea,gea,Role,CanPrepare,5,boolean,,,,,
postgresql,gea,gea,Role,CanReview,6,boolean,,,,,
postgresql,gea,gea,Role,CanAdminister,7,boolean,,,,,
postgresql,gea,gea,Run,Id,1,uuid,,PRIMARY KEY,,,
postgresql,gea,gea,Run,Id,1,uuid,,FOREIGN KEY,gea,DataContract,RunId
postgresql,gea,gea,Run,Id,1,uuid,,UNIQUE,,,
postgresql,gea,gea,Run,ProjectId,2,uuid,,FOREIGN KEY,gea,Project,Id
postgresql,gea,gea,Run,ProjectId,2,uuid,,UNIQUE,,,
postgresql,gea,gea,Run,Name,3,text,,,,,
postgresql,gea,gea,Run,Treaty,4,text,,,,,
postgresql,gea,gea,Run,DataScope,5,text[],,,,,
postgresql,gea,gea,Run,StudyPeriodStart,6,date,,,,,
postgresql,gea,gea,Run,StudyPeriodEnd,7,date,,,,,
postgresql,gea,gea,Run,StudyPeriodTreatyOverride,8,boolean,,,,,
postgresql,gea,gea,Run,PerTreatyEndDatesMapping,9,text,,,,,
postgresql,gea,gea,Run,Investigation,10,text,,,,,
postgresql,gea,gea,Run,ExposureMethod,11,text,,,,,
postgresql,gea,gea,Run,InitialExposureMethod,12,text,,,,,
postgresql,gea,gea,Run,ExposureExclusion,13,text[],,,,,
postgresql,gea,gea,Run,PolicyTenureSegmentation,14,text,,,,,
postgresql,gea,gea,Run,CalendarTenureSegmentation,15,text,,,,,
postgresql,gea,gea,Run,AttainedAgeSegmentation,16,text,,,,,
postgresql,gea,gea,Run,PartialClaimTreatment,17,text,,,,,
postgresql,gea,gea,Run,AmountBasis,18,text,,,,,
postgresql,gea,gea,Run,ClaimBasis,19,text,,,,,
postgresql,gea,gea,Run,IbnrMethodology,20,text,,,,,
postgresql,gea,gea,Run,DerivationMethod,21,text,,,,,
postgresql,gea,gea,Run,IbnrStudyPeriodStart,22,date,,,,,
postgresql,gea,gea,Run,IbnrStudyPeriodEnd,23,date,,,,,
postgresql,gea,gea,Run,DevelopmentFrequency,24,text,,,,,
postgresql,gea,gea,Run,UpliftFrequency,25,text,,,,,
postgresql,gea,gea,Run,EventMonthFilter,26,boolean,,,,,
postgresql,gea,gea,Run,ReportingMonthFilter,27,boolean,,,,,
postgresql,gea,gea,Run,IbnrRbnsBasis,28,text,,,,,
postgresql,gea,gea,Run,TailStartPeriod,29,text,,,,,
postgresql,gea,gea,Run,ComparisonBases,30,text,,,,,
postgresql,gea,gea,Run,TrendAssumptions,31,text,,,,,
postgresql,gea,gea,Run,Adjustment,32,text,,,,,
postgresql,gea,gea,Run,UltimateRbnsBasis,33,text,,,,,
postgresql,gea,gea,Run,OutputFrequency,34,text[],,,,,
postgresql,gea,gea,Run,AdditionalOutputFields,35,text[],,,,,
postgresql,gea,gea,Run,Status,36,text,,,,,
postgresql,gea,gea,Run,Locked,37,boolean,,,,,
postgresql,gea,gea,Run,CloneSourceId,38,uuid,,FOREIGN KEY,gea,Run,Id
postgresql,gea,gea,Run,CurrentContractVersion,39,integer,,FOREIGN KEY,gea,DataContract,Version
postgresql,gea,gea,Run,SubmittedAt,40,timestamp with time zone,,,,,
postgresql,gea,gea,Run,SubmittedBy,41,uuid,,FOREIGN KEY,gea,User,Id
postgresql,gea,gea,Run,FailureMessage,42,text,,,,,
postgresql,gea,gea,Run,Revision,43,integer,,,,,
postgresql,gea,gea,Run,CreatedBy,44,uuid,,FOREIGN KEY,gea,User,Id
postgresql,gea,gea,Run,CreatedAt,45,timestamp with time zone,,,,,
postgresql,gea,gea,Run,UpdatedBy,46,uuid,,FOREIGN KEY,gea,User,Id
postgresql,gea,gea,Run,UpdatedAt,47,timestamp with time zone,,,,,
postgresql,gea,gea,Run,JobId,48,uuid,,FOREIGN KEY,gea,Job,Id
postgresql,gea,gea,Run,JobId,48,uuid,,UNIQUE,,,
postgresql,gea,gea,Run,JobOrdinal,49,smallint,,UNIQUE,,,
postgresql,gea,gea,Run,ResolutionAction,50,text,,,,,
postgresql,gea,gea,Run,ResolutionNote,51,text,,,,,
postgresql,gea,gea,Run,ResolvedBy,52,uuid,,FOREIGN KEY,gea,User,Id
postgresql,gea,gea,Run,ResolvedAt,53,timestamp with time zone,,,,,
postgresql,gea,gea,Run,CancelRequestedAt,54,timestamp with time zone,,,,,
postgresql,gea,gea,Run,CancelRequestedBy,55,uuid,,FOREIGN KEY,gea,User,Id
postgresql,gea,gea,RunExecution,ContractId,1,uuid,,PRIMARY KEY,,,
postgresql,gea,gea,RunExecution,ContractId,1,uuid,,FOREIGN KEY,gea,DataContract,Id
postgresql,gea,gea,RunExecution,RunId,2,uuid,,FOREIGN KEY,gea,Run,Id
postgresql,gea,gea,RunExecution,Status,3,text,,,,,
postgresql,gea,gea,RunExecution,StartedAt,4,timestamp with time zone,,,,,
postgresql,gea,gea,RunExecution,FinishedAt,5,timestamp with time zone,,,,,
postgresql,gea,gea,RunExecution,FailureMessage,6,text,,,,,
postgresql,gea,gea,RunExecution,UpdatedAt,7,timestamp with time zone,,,,,
postgresql,gea,gea,RunExecutionStep,ContractId,1,uuid,,PRIMARY KEY,,,
postgresql,gea,gea,RunExecutionStep,ContractId,1,uuid,,FOREIGN KEY,gea,RunExecution,ContractId
postgresql,gea,gea,RunExecutionStep,ContractId,1,uuid,,UNIQUE,,,
postgresql,gea,gea,RunExecutionStep,StepKey,2,text,,PRIMARY KEY,,,
postgresql,gea,gea,RunExecutionStep,Ordinal,3,smallint,,UNIQUE,,,
postgresql,gea,gea,RunExecutionStep,Status,4,text,,,,,
postgresql,gea,gea,RunExecutionStep,StartedAt,5,timestamp with time zone,,,,,
postgresql,gea,gea,RunExecutionStep,FinishedAt,6,timestamp with time zone,,,,,
postgresql,gea,gea,RunExecutionStep,Detail,7,jsonb,,,,,
postgresql,gea,gea,RunLog,Id,1,bigint,,PRIMARY KEY,,,
postgresql,gea,gea,RunLog,RunId,2,uuid,,FOREIGN KEY,gea,Run,Id
postgresql,gea,gea,RunLog,ContractId,3,uuid,,FOREIGN KEY,gea,DataContract,Id
postgresql,gea,gea,RunLog,ContractId,3,uuid,,UNIQUE,,,
postgresql,gea,gea,RunLog,ExternalId,4,text,,UNIQUE,,,
postgresql,gea,gea,RunLog,StepKey,5,text,,,,,
postgresql,gea,gea,RunLog,Level,6,text,,,,,
postgresql,gea,gea,RunLog,Message,7,text,,,,,
postgresql,gea,gea,RunLog,Detail,8,jsonb,,,,,
postgresql,gea,gea,RunLog,OccurredAt,9,timestamp with time zone,,,,,
postgresql,gea,gea,RunStudyPeriodExclusion,RunId,1,uuid,,PRIMARY KEY,,,
postgresql,gea,gea,RunStudyPeriodExclusion,RunId,1,uuid,,FOREIGN KEY,gea,Run,Id
postgresql,gea,gea,RunStudyPeriodExclusion,Ordinal,2,smallint,,PRIMARY KEY,,,
postgresql,gea,gea,RunStudyPeriodExclusion,StartDate,3,date,,,,,
postgresql,gea,gea,RunStudyPeriodExclusion,EndDate,4,date,,,,,
postgresql,gea,gea,User,Id,1,uuid,,PRIMARY KEY,,,
postgresql,gea,gea,User,Subject,2,text,,UNIQUE,,,
postgresql,gea,gea,User,Name,3,text,,,,,
postgresql,gea,gea,User,Email,4,text,,,,,
postgresql,gea,gea,User,RegionId,5,text,,FOREIGN KEY,gea,Region,Id
postgresql,gea,gea,User,CreatedAt,6,timestamp with time zone,,,,,
postgresql,gea,gea,User,RoleId,7,text,,FOREIGN KEY,gea,Role,Id
postgresql,gea,calc,AuditEvent,EventId,1,uuid,,PRIMARY KEY,,,
postgresql,gea,calc,AuditEvent,AggregateId,2,text,,,,,
postgresql,gea,calc,AuditEvent,Revision,3,integer,,,,,
postgresql,gea,calc,AuditEvent,EventType,4,text,,,,,
postgresql,gea,calc,AuditEvent,RecordedAt,5,timestamp with time zone,,,,,
postgresql,gea,calc,AuditEvent,DocumentCanonical,6,text,,,,,
postgresql,gea,calc,AuditEvent,Document,7,jsonb,,,,,
postgresql,gea,calc,AuditEvent,ContentHash,8,character,64,,,,
postgresql,gea,calc,AuditEvent,ExportedAt,9,timestamp with time zone,,,,,
